C,eur1,Monaco,Valencia,Guessing 0 - 0 ; Possibility: 0.1638,2,1
S,engL,Milton Keynes Dons,-0.778471899665,-0.772549078536,Cardiff City,-0.432362708658,-0.599718233757,2,1
C,engL,Rotherham United,-0.690054814578,-0.872345302837,Norwich City,-0.585940432368,-0.70811426,1,2
C,engL,Preston North End,-0.870357594705,-0.729837990804,Watford,-0.646965534673,-0.576504803965,1,0
C,eur1,Bayer Leverkusen,0.21329481,0.0196945649569,Lazio,0.63610664,0.335774327094
C,eur1,CSKA Moscow,0.883483250211,0.555098186575,Sporting CP,0.90645024758,0.700465148801

